tweet_id,user_name,tweet_text,created_at,location
1,nora_foodie80,What a beautiful day!,2024-01-08,Uganda
2,james_photog29,Traffic is terrible!,2024-03-18,Uganda
3,peter_tech90,Loving the food here!,2024-06-09,Uganda
4,michael_advent13,Loving the food here!,2024-04-18,Uganda
5,lucy_holiday98,Excited about the festival!,2024-11-15,Uganda
6,rose_singer2,Visiting a national park today!,2024-10-27,Uganda
7,susan_writer65,Uganda is so green and peaceful.,2024-12-18,Uganda
8,james_photog81,Enjoying the view of the Nile.,2024-07-09,Uganda
9,uganda_explorer21,Feeling blessed today.,2024-03-28,Uganda
10,grace_kampala54,Enjoying the view of the Nile.,2024-05-04,Uganda
11,peter_tech24,Enjoying the view of the Nile.,2024-06-23,Uganda
12,grace_kampala92,Loving the food here!,2024-10-26,Uganda
13,peter_tech15,Uganda is so green and peaceful.,2024-10-07,Uganda
14,david_farm49,Uganda is so green and peaceful.,2024-08-21,Uganda
15,nora_foodie35,Enjoying the view of the Nile.,2024-08-13,Uganda
16,emma_travels18,Roads are getting better in my city.,2024-06-22,Uganda
17,susan_writer63,Amazing cultural vibes.,2024-10-20,Uganda
18,grace_kampala71,Roads are getting better in my city.,2024-03-20,Uganda
19,nora_foodie52,Amazing cultural vibes.,2024-05-10,Uganda
20,lucy_holiday69,Excited about the festival!,2024-11-26,Uganda
21,peter_tech39,This place has the best coffee.,2024-11-12,Uganda
22,rose_singer90,Uganda is so green and peaceful.,2024-06-07,Uganda
23,john_doe78,Traffic is terrible!,2024-05-03,Uganda
24,rose_singer38,This event is wonderful!,2024-08-05,Uganda
25,peter_tech24,Loving the food here!,2024-11-26,Uganda
26,james_photog12,This event is wonderful!,2024-02-27,Uganda
27,michael_advent7,This event is wonderful!,2024-01-26,Uganda
28,rose_singer79,Amazing cultural vibes.,2024-03-24,Uganda
29,david_farm4,Proud to be Ugandan!,2024-06-08,Uganda
30,peter_tech95,This place has the best coffee.,2024-10-21,Uganda
31,john_doe55,Excited about the festival!,2024-09-16,Uganda
32,paul_kay89,The weather is amazing today.,2024-05-21,Uganda
33,kevin_trends37,Visiting a national park today!,2024-09-14,Uganda
34,paul_kay47,Excited about the festival!,2024-11-23,Uganda
35,james_photog43,What a beautiful day!,2024-11-09,Uganda
36,uganda_explorer70,This place has the best coffee.,2024-03-27,Uganda
37,grace_kampala88,Loving the food here!,2024-09-12,Uganda
38,kevin_trends30,Roads are getting better in my city.,2024-04-06,Uganda
39,kevin_trends10,This place has the best coffee.,2024-08-24,Uganda
40,paul_kay1,This event is wonderful!,2024-03-02,Uganda
41,david_farm27,Roads are getting better in my city.,2024-11-28,Uganda
42,michael_advent67,Uganda is so green and peaceful.,2024-10-14,Uganda
43,nora_foodie46,Loving the food here!,2024-03-28,Uganda
44,john_doe44,Feeling blessed today.,2024-04-10,Uganda
45,nora_foodie16,Roads are getting better in my city.,2024-01-20,Uganda
46,rose_singer25,Excited about the festival!,2024-10-10,Uganda
47,eliza_blogger88,Enjoying the view of the Nile.,2024-12-05,Uganda
48,michael_advent23,Enjoying the view of the Nile.,2024-12-21,Uganda
49,susan_writer8,Visiting a national park today!,2024-08-27,Uganda
50,kevin_trends84,Excited about the festival!,2024-03-14,Uganda
51,emma_travels55,Amazing cultural vibes.,2024-01-14,Uganda
52,susan_writer78,Visiting a national park today!,2024-03-28,Uganda
53,peter_tech40,The sunsets here are breathtaking.,2024-12-21,Uganda
54,uganda_explorer71,Roads are getting better in my city.,2024-03-11,Uganda
55,grace_kampala35,Loving the food here!,2024-05-03,Uganda
56,john_doe4,This event is wonderful!,2024-10-19,Uganda
57,john_doe79,This place has the best coffee.,2024-11-16,Uganda
58,paul_kay58,Loving the food here!,2024-12-10,Uganda
59,peter_tech81,This event is wonderful!,2024-05-26,Uganda
60,michael_advent45,This event is wonderful!,2024-10-12,Uganda
61,susan_writer47,Amazing cultural vibes.,2024-08-18,Uganda
62,michael_advent40,Visiting a national park today!,2024-09-06,Uganda
63,grace_kampala83,Roads are getting better in my city.,2024-08-07,Uganda
64,rose_singer88,Feeling blessed today.,2024-03-17,Uganda
65,rose_singer61,Traffic is terrible!,2024-12-13,Uganda
66,uganda_explorer36,Enjoying the view of the Nile.,2024-01-17,Uganda
67,michael_advent87,This place has the best coffee.,2024-11-02,Uganda
68,david_farm82,The sunsets here are breathtaking.,2024-07-27,Uganda
69,michael_advent91,Roads are getting better in my city.,2024-03-17,Uganda
70,emma_travels76,Uganda is so green and peaceful.,2024-06-03,Uganda
71,nora_foodie16,Traffic is terrible!,2024-07-19,Uganda
72,uganda_explorer13,The sunsets here are breathtaking.,2024-01-02,Uganda
73,lucy_holiday39,Traffic is terrible!,2024-08-20,Uganda
74,nora_foodie78,The sunsets here are breathtaking.,2024-01-24,Uganda
75,peter_tech94,Roads are getting better in my city.,2024-04-08,Uganda
76,peter_tech93,Amazing cultural vibes.,2024-02-07,Uganda
77,nora_foodie94,Amazing cultural vibes.,2024-05-05,Uganda
78,paul_kay47,Visiting a national park today!,2024-09-20,Uganda
79,eliza_blogger22,Loving the food here!,2024-04-28,Uganda
80,james_photog15,This place has the best coffee.,2024-08-09,Uganda
81,eliza_blogger64,Proud to be Ugandan!,2024-02-27,Uganda
82,lucy_holiday69,Proud to be Ugandan!,2024-07-18,Uganda
83,david_farm44,The weather is amazing today.,2024-10-18,Uganda
84,susan_writer43,Traffic is terrible!,2024-12-04,Uganda
85,susan_writer4,Proud to be Ugandan!,2024-04-25,Uganda
86,paul_kay73,This event is wonderful!,2024-03-01,Uganda
87,john_doe60,Roads are getting better in my city.,2024-11-03,Uganda
88,peter_tech95,Feeling blessed today.,2024-11-21,Uganda
89,paul_kay21,The weather is amazing today.,2024-09-21,Uganda
90,emma_travels83,Enjoying the view of the Nile.,2024-06-25,Uganda
91,lucy_holiday66,Feeling blessed today.,2024-03-24,Uganda
92,uganda_explorer74,This event is wonderful!,2024-09-25,Uganda
93,emma_travels11,Enjoying the view of the Nile.,2024-10-14,Uganda
94,emma_travels6,Proud to be Ugandan!,2024-05-17,Uganda
95,uganda_explorer78,Traffic is terrible!,2024-10-25,Uganda
96,emma_travels3,Amazing cultural vibes.,2024-05-25,Uganda
97,grace_kampala28,Excited about the festival!,2024-09-05,Uganda
98,john_doe76,Proud to be Ugandan!,2024-11-17,Uganda
99,emma_travels98,Traffic is terrible!,2024-07-10,Uganda
100,susan_writer5,Excited about the festival!,2024-07-10,Uganda
101,rose_singer48,Uganda is so green and peaceful.,2024-06-11,Uganda
102,michael_advent35,The sunsets here are breathtaking.,2024-04-04,Uganda
103,lucy_holiday83,Enjoying the view of the Nile.,2024-07-12,Uganda
104,susan_writer10,Roads are getting better in my city.,2024-03-27,Uganda
105,nora_foodie72,Loving the food here!,2024-03-02,Uganda
106,emma_travels17,This event is wonderful!,2024-02-13,Uganda
107,paul_kay95,Loving the food here!,2024-10-16,Uganda
108,david_farm77,What a beautiful day!,2024-05-03,Uganda
109,paul_kay70,Visiting a national park today!,2024-09-21,Uganda
110,michael_advent23,What a beautiful day!,2024-05-25,Uganda
111,eliza_blogger22,Amazing cultural vibes.,2024-03-10,Uganda
112,michael_advent17,The weather is amazing today.,2024-06-21,Uganda
113,susan_writer88,Enjoying the view of the Nile.,2024-01-05,Uganda
114,eliza_blogger97,This event is wonderful!,2024-02-04,Uganda
115,james_photog73,Visiting a national park today!,2024-07-01,Uganda
116,emma_travels20,Excited about the festival!,2024-07-15,Uganda
117,nora_foodie68,The sunsets here are breathtaking.,2024-02-28,Uganda
118,lucy_holiday83,Feeling blessed today.,2024-02-07,Uganda
119,nora_foodie22,This event is wonderful!,2024-05-22,Uganda
120,emma_travels30,Visiting a national park today!,2024-08-14,Uganda
121,rose_singer56,Loving the food here!,2024-02-18,Uganda
122,peter_tech52,The weather is amazing today.,2024-11-01,Uganda
123,paul_kay38,Proud to be Ugandan!,2024-01-25,Uganda
124,michael_advent98,Enjoying the view of the Nile.,2024-03-01,Uganda
125,nora_foodie84,What a beautiful day!,2024-12-04,Uganda
126,emma_travels76,Excited about the festival!,2024-07-05,Uganda
127,emma_travels24,Enjoying the view of the Nile.,2024-11-20,Uganda
128,eliza_blogger70,Feeling blessed today.,2024-09-23,Uganda
129,nora_foodie80,The weather is amazing today.,2024-11-27,Uganda
130,david_farm16,This event is wonderful!,2024-06-20,Uganda
131,michael_advent93,The weather is amazing today.,2024-08-28,Uganda
132,nora_foodie72,Roads are getting better in my city.,2024-07-02,Uganda
133,lucy_holiday65,Excited about the festival!,2024-01-26,Uganda
134,susan_writer68,What a beautiful day!,2024-04-05,Uganda
135,lucy_holiday41,Loving the food here!,2024-01-11,Uganda
136,eliza_blogger59,Roads are getting better in my city.,2024-10-09,Uganda
137,emma_travels63,Excited about the festival!,2024-12-02,Uganda
138,emma_travels47,Enjoying the view of the Nile.,2024-01-27,Uganda
139,eliza_blogger93,Uganda is so green and peaceful.,2024-03-18,Uganda
140,kevin_trends40,Roads are getting better in my city.,2024-11-03,Uganda
141,emma_travels83,Enjoying the view of the Nile.,2024-02-23,Uganda
142,lucy_holiday98,Proud to be Ugandan!,2024-02-14,Uganda
143,uganda_explorer69,The weather is amazing today.,2024-02-11,Uganda
144,emma_travels62,The weather is amazing today.,2024-10-20,Uganda
145,james_photog57,Enjoying the view of the Nile.,2024-04-02,Uganda
146,james_photog78,Visiting a national park today!,2024-03-04,Uganda
147,rose_singer30,This place has the best coffee.,2024-12-12,Uganda
148,james_photog78,Loving the food here!,2024-04-08,Uganda
149,uganda_explorer62,Proud to be Ugandan!,2024-08-27,Uganda
150,lucy_holiday37,Uganda is so green and peaceful.,2024-01-14,Uganda
151,kevin_trends27,Proud to be Ugandan!,2024-12-26,Uganda
152,nora_foodie10,This event is wonderful!,2024-12-18,Uganda
153,michael_advent25,Feeling blessed today.,2024-01-28,Uganda
154,john_doe6,This event is wonderful!,2024-10-08,Uganda
155,michael_advent92,Loving the food here!,2024-09-02,Uganda
156,john_doe17,Proud to be Ugandan!,2024-03-16,Uganda
157,paul_kay25,What a beautiful day!,2024-09-03,Uganda
158,john_doe85,Amazing cultural vibes.,2024-10-26,Uganda
159,nora_foodie62,Amazing cultural vibes.,2024-05-12,Uganda
160,eliza_blogger96,Feeling blessed today.,2024-01-20,Uganda
161,peter_tech72,Roads are getting better in my city.,2024-07-27,Uganda
162,michael_advent59,Loving the food here!,2024-09-01,Uganda
163,emma_travels73,Roads are getting better in my city.,2024-03-11,Uganda
164,emma_travels27,This place has the best coffee.,2024-04-11,Uganda
165,eliza_blogger22,This event is wonderful!,2024-07-17,Uganda
166,rose_singer67,The sunsets here are breathtaking.,2024-02-05,Uganda
167,paul_kay73,What a beautiful day!,2024-09-20,Uganda
168,james_photog29,This event is wonderful!,2024-11-28,Uganda
169,michael_advent74,Uganda is so green and peaceful.,2024-11-15,Uganda
170,eliza_blogger68,Uganda is so green and peaceful.,2024-07-25,Uganda
171,lucy_holiday1,Enjoying the view of the Nile.,2024-11-05,Uganda
172,uganda_explorer19,Proud to be Ugandan!,2024-04-10,Uganda
173,lucy_holiday10,Roads are getting better in my city.,2024-07-14,Uganda
174,eliza_blogger50,Excited about the festival!,2024-09-21,Uganda
175,lucy_holiday100,The weather is amazing today.,2024-04-02,Uganda
176,susan_writer73,Amazing cultural vibes.,2024-01-13,Uganda
177,kevin_trends9,Enjoying the view of the Nile.,2024-10-24,Uganda
178,susan_writer35,This event is wonderful!,2024-08-24,Uganda
179,emma_travels49,Enjoying the view of the Nile.,2024-01-01,Uganda
180,kevin_trends72,The weather is amazing today.,2024-02-13,Uganda
181,susan_writer18,Visiting a national park today!,2024-02-06,Uganda
182,david_farm34,Enjoying the view of the Nile.,2024-08-03,Uganda
183,emma_travels71,Roads are getting better in my city.,2024-12-04,Uganda
184,kevin_trends42,Enjoying the view of the Nile.,2024-08-05,Uganda
185,peter_tech74,The weather is amazing today.,2024-03-15,Uganda
186,peter_tech88,This place has the best coffee.,2024-10-11,Uganda
187,david_farm91,Roads are getting better in my city.,2024-01-24,Uganda
188,lucy_holiday28,Visiting a national park today!,2024-09-15,Uganda
189,susan_writer66,Traffic is terrible!,2024-05-25,Uganda
190,lucy_holiday39,Loving the food here!,2024-12-09,Uganda
191,eliza_blogger17,This event is wonderful!,2024-05-02,Uganda
192,grace_kampala46,Traffic is terrible!,2024-03-08,Uganda
193,michael_advent52,This place has the best coffee.,2024-06-12,Uganda
194,john_doe40,What a beautiful day!,2024-06-23,Uganda
195,paul_kay5,Roads are getting better in my city.,2024-08-17,Uganda
196,james_photog85,Feeling blessed today.,2024-02-05,Uganda
197,rose_singer16,Uganda is so green and peaceful.,2024-12-07,Uganda
198,grace_kampala35,Feeling blessed today.,2024-01-05,Uganda
199,nora_foodie65,Amazing cultural vibes.,2024-11-21,Uganda
200,lucy_holiday13,Amazing cultural vibes.,2024-06-06,Uganda
201,rose_singer56,This place has the best coffee.,2024-05-21,Uganda
202,peter_tech62,What a beautiful day!,2024-08-10,Uganda
203,nora_foodie8,Uganda is so green and peaceful.,2024-05-15,Uganda
204,eliza_blogger78,Visiting a national park today!,2024-01-17,Uganda
205,grace_kampala53,Amazing cultural vibes.,2024-06-06,Uganda
206,david_farm13,Feeling blessed today.,2024-07-09,Uganda
207,rose_singer66,What a beautiful day!,2024-11-12,Uganda
208,peter_tech32,Traffic is terrible!,2024-08-06,Uganda
209,john_doe6,Amazing cultural vibes.,2024-12-10,Uganda
210,john_doe34,What a beautiful day!,2024-08-12,Uganda
211,susan_writer59,This event is wonderful!,2024-04-23,Uganda
212,paul_kay66,Traffic is terrible!,2024-01-10,Uganda
213,john_doe50,Amazing cultural vibes.,2024-10-03,Uganda
214,grace_kampala17,This event is wonderful!,2024-02-21,Uganda
215,david_farm69,Proud to be Ugandan!,2024-08-12,Uganda
216,paul_kay17,Amazing cultural vibes.,2024-03-15,Uganda
217,john_doe74,Traffic is terrible!,2024-05-17,Uganda
218,david_farm71,This place has the best coffee.,2024-11-03,Uganda
219,emma_travels50,Roads are getting better in my city.,2024-03-26,Uganda
220,emma_travels61,Uganda is so green and peaceful.,2024-07-17,Uganda
221,lucy_holiday57,This place has the best coffee.,2024-04-10,Uganda
222,john_doe61,Uganda is so green and peaceful.,2024-02-02,Uganda
223,kevin_trends28,The weather is amazing today.,2024-03-17,Uganda
224,emma_travels94,Amazing cultural vibes.,2024-01-13,Uganda
225,michael_advent79,Roads are getting better in my city.,2024-07-01,Uganda
226,michael_advent52,Uganda is so green and peaceful.,2024-10-13,Uganda
227,eliza_blogger46,This place has the best coffee.,2024-06-20,Uganda
228,david_farm16,Visiting a national park today!,2024-02-04,Uganda
229,susan_writer98,Visiting a national park today!,2024-06-16,Uganda
230,nora_foodie70,This event is wonderful!,2024-02-02,Uganda
231,grace_kampala14,Loving the food here!,2024-09-05,Uganda
232,kevin_trends48,The weather is amazing today.,2024-11-24,Uganda
233,michael_advent46,Proud to be Ugandan!,2024-05-25,Uganda
234,lucy_holiday98,The sunsets here are breathtaking.,2024-09-27,Uganda
235,susan_writer12,Feeling blessed today.,2024-06-26,Uganda
236,rose_singer14,The weather is amazing today.,2024-10-04,Uganda
237,kevin_trends64,Amazing cultural vibes.,2024-08-15,Uganda
238,nora_foodie70,Feeling blessed today.,2024-05-19,Uganda
239,john_doe31,The sunsets here are breathtaking.,2024-04-01,Uganda
240,james_photog64,Uganda is so green and peaceful.,2024-07-22,Uganda
241,grace_kampala88,Enjoying the view of the Nile.,2024-11-23,Uganda
242,rose_singer94,Amazing cultural vibes.,2024-04-15,Uganda
243,nora_foodie21,Visiting a national park today!,2024-12-19,Uganda
244,lucy_holiday52,Uganda is so green and peaceful.,2024-09-25,Uganda
245,kevin_trends36,Amazing cultural vibes.,2024-09-25,Uganda
246,lucy_holiday26,The sunsets here are breathtaking.,2024-11-04,Uganda
247,uganda_explorer33,The sunsets here are breathtaking.,2024-04-25,Uganda
248,michael_advent19,Loving the food here!,2024-03-23,Uganda
249,michael_advent91,Visiting a national park today!,2024-12-21,Uganda
250,uganda_explorer39,Excited about the festival!,2024-12-07,Uganda
251,eliza_blogger85,This event is wonderful!,2024-11-13,Uganda
252,david_farm61,The sunsets here are breathtaking.,2024-03-08,Uganda
253,lucy_holiday38,The weather is amazing today.,2024-08-08,Uganda
254,michael_advent44,The sunsets here are breathtaking.,2024-03-08,Uganda
255,james_photog87,Feeling blessed today.,2024-06-03,Uganda
256,grace_kampala93,The weather is amazing today.,2024-03-26,Uganda
257,david_farm75,This place has the best coffee.,2024-05-11,Uganda
258,james_photog28,Loving the food here!,2024-03-16,Uganda
259,nora_foodie83,Proud to be Ugandan!,2024-03-24,Uganda
260,lucy_holiday98,Enjoying the view of the Nile.,2024-03-05,Uganda
261,uganda_explorer34,Uganda is so green and peaceful.,2024-11-22,Uganda
262,susan_writer83,Excited about the festival!,2024-04-10,Uganda
263,kevin_trends10,Uganda is so green and peaceful.,2024-01-26,Uganda
264,michael_advent66,The sunsets here are breathtaking.,2024-01-06,Uganda
265,paul_kay98,Feeling blessed today.,2024-04-28,Uganda
266,kevin_trends74,Enjoying the view of the Nile.,2024-01-03,Uganda
267,paul_kay21,Roads are getting better in my city.,2024-11-21,Uganda
268,grace_kampala2,Proud to be Ugandan!,2024-02-20,Uganda
269,lucy_holiday62,This place has the best coffee.,2024-04-26,Uganda
270,grace_kampala15,Visiting a national park today!,2024-05-05,Uganda
271,emma_travels78,Loving the food here!,2024-07-10,Uganda
272,susan_writer36,The sunsets here are breathtaking.,2024-02-25,Uganda
273,lucy_holiday88,The weather is amazing today.,2024-07-20,Uganda
274,michael_advent95,What a beautiful day!,2024-09-01,Uganda
275,eliza_blogger16,Excited about the festival!,2024-04-19,Uganda
276,rose_singer47,Proud to be Ugandan!,2024-01-05,Uganda
277,nora_foodie75,This event is wonderful!,2024-03-24,Uganda
278,eliza_blogger51,What a beautiful day!,2024-04-21,Uganda
279,nora_foodie32,Feeling blessed today.,2024-05-06,Uganda
280,michael_advent81,Amazing cultural vibes.,2024-04-05,Uganda
281,kevin_trends43,Enjoying the view of the Nile.,2024-03-26,Uganda
282,rose_singer91,Uganda is so green and peaceful.,2024-03-04,Uganda
283,michael_advent23,Proud to be Ugandan!,2024-02-06,Uganda
284,john_doe61,What a beautiful day!,2024-01-10,Uganda
285,emma_travels83,Traffic is terrible!,2024-05-10,Uganda
286,michael_advent15,Proud to be Ugandan!,2024-07-04,Uganda
287,peter_tech22,Loving the food here!,2024-11-02,Uganda
288,james_photog77,The sunsets here are breathtaking.,2024-05-06,Uganda
289,paul_kay35,Excited about the festival!,2024-10-11,Uganda
290,grace_kampala49,The weather is amazing today.,2024-02-22,Uganda
291,david_farm77,Uganda is so green and peaceful.,2024-05-07,Uganda
292,grace_kampala72,Loving the food here!,2024-08-19,Uganda
293,john_doe38,The weather is amazing today.,2024-04-13,Uganda
294,nora_foodie31,Amazing cultural vibes.,2024-02-27,Uganda
295,kevin_trends21,Traffic is terrible!,2024-10-17,Uganda
296,michael_advent27,Excited about the festival!,2024-03-11,Uganda
297,emma_travels2,What a beautiful day!,2024-04-06,Uganda
298,uganda_explorer57,This event is wonderful!,2024-07-22,Uganda
299,john_doe25,Roads are getting better in my city.,2024-03-02,Uganda
300,john_doe20,Proud to be Ugandan!,2024-09-10,Uganda
301,nora_foodie26,Uganda is so green and peaceful.,2024-09-07,Uganda
302,grace_kampala33,Proud to be Ugandan!,2024-06-03,Uganda
303,paul_kay60,Roads are getting better in my city.,2024-09-20,Uganda
304,paul_kay62,What a beautiful day!,2024-06-27,Uganda
305,emma_travels54,This event is wonderful!,2024-06-07,Uganda
306,kevin_trends58,This place has the best coffee.,2024-10-07,Uganda
307,john_doe88,The sunsets here are breathtaking.,2024-12-27,Uganda
308,nora_foodie18,Enjoying the view of the Nile.,2024-08-05,Uganda
309,eliza_blogger23,Roads are getting better in my city.,2024-12-13,Uganda
310,nora_foodie9,This place has the best coffee.,2024-06-04,Uganda
311,michael_advent23,This place has the best coffee.,2024-09-18,Uganda
312,rose_singer86,Visiting a national park today!,2024-06-07,Uganda
313,grace_kampala16,Visiting a national park today!,2024-09-12,Uganda
314,peter_tech41,Roads are getting better in my city.,2024-01-26,Uganda
315,uganda_explorer31,Visiting a national park today!,2024-01-13,Uganda
316,uganda_explorer55,Roads are getting better in my city.,2024-08-21,Uganda
317,uganda_explorer12,Visiting a national park today!,2024-12-04,Uganda
318,paul_kay21,This place has the best coffee.,2024-06-24,Uganda
319,james_photog51,Traffic is terrible!,2024-03-25,Uganda
320,rose_singer10,The sunsets here are breathtaking.,2024-04-17,Uganda
321,nora_foodie21,This place has the best coffee.,2024-05-13,Uganda
322,uganda_explorer4,Proud to be Ugandan!,2024-08-05,Uganda
323,lucy_holiday66,Visiting a national park today!,2024-04-14,Uganda
324,david_farm38,Roads are getting better in my city.,2024-03-22,Uganda
325,michael_advent50,Roads are getting better in my city.,2024-10-02,Uganda
326,eliza_blogger55,The sunsets here are breathtaking.,2024-08-08,Uganda
327,paul_kay7,Proud to be Ugandan!,2024-02-17,Uganda
328,lucy_holiday46,What a beautiful day!,2024-05-23,Uganda
329,eliza_blogger73,Excited about the festival!,2024-12-24,Uganda
330,kevin_trends22,Loving the food here!,2024-11-17,Uganda
331,uganda_explorer45,Feeling blessed today.,2024-09-17,Uganda
332,lucy_holiday33,Uganda is so green and peaceful.,2024-01-19,Uganda
333,james_photog29,Proud to be Ugandan!,2024-12-19,Uganda
334,nora_foodie54,Feeling blessed today.,2024-08-07,Uganda
335,eliza_blogger15,This place has the best coffee.,2024-03-12,Uganda
336,nora_foodie92,What a beautiful day!,2024-06-20,Uganda
337,nora_foodie96,Enjoying the view of the Nile.,2024-11-02,Uganda
338,james_photog72,Loving the food here!,2024-08-18,Uganda
339,michael_advent22,Excited about the festival!,2024-06-09,Uganda
340,uganda_explorer64,Roads are getting better in my city.,2024-02-13,Uganda
341,peter_tech63,Uganda is so green and peaceful.,2024-11-13,Uganda
342,john_doe17,The sunsets here are breathtaking.,2024-06-05,Uganda
343,paul_kay40,Roads are getting better in my city.,2024-12-08,Uganda
344,eliza_blogger100,Enjoying the view of the Nile.,2024-03-19,Uganda
345,eliza_blogger91,What a beautiful day!,2024-09-17,Uganda
346,emma_travels54,Uganda is so green and peaceful.,2024-03-27,Uganda
347,david_farm19,Roads are getting better in my city.,2024-09-28,Uganda
348,david_farm44,Traffic is terrible!,2024-09-07,Uganda
349,kevin_trends5,Proud to be Ugandan!,2024-05-21,Uganda
350,rose_singer47,Uganda is so green and peaceful.,2024-09-26,Uganda
351,rose_singer41,Feeling blessed today.,2024-05-12,Uganda
352,kevin_trends5,Enjoying the view of the Nile.,2024-07-15,Uganda
353,lucy_holiday44,Proud to be Ugandan!,2024-03-01,Uganda
354,james_photog64,Uganda is so green and peaceful.,2024-03-15,Uganda
355,susan_writer5,Traffic is terrible!,2024-11-13,Uganda
356,peter_tech14,Traffic is terrible!,2024-08-06,Uganda
357,paul_kay64,Feeling blessed today.,2024-07-01,Uganda
358,grace_kampala65,The sunsets here are breathtaking.,2024-03-28,Uganda
359,michael_advent49,The sunsets here are breathtaking.,2024-11-23,Uganda
360,michael_advent77,Loving the food here!,2024-06-18,Uganda
361,peter_tech82,This event is wonderful!,2024-11-14,Uganda
362,james_photog32,Roads are getting better in my city.,2024-04-01,Uganda
363,rose_singer11,This event is wonderful!,2024-02-13,Uganda
364,lucy_holiday89,Uganda is so green and peaceful.,2024-04-04,Uganda
365,david_farm64,Amazing cultural vibes.,2024-12-15,Uganda
366,kevin_trends88,Amazing cultural vibes.,2024-03-04,Uganda
367,kevin_trends55,Proud to be Ugandan!,2024-06-21,Uganda
368,paul_kay8,Traffic is terrible!,2024-09-22,Uganda
369,rose_singer88,Amazing cultural vibes.,2024-06-27,Uganda
370,grace_kampala71,Proud to be Ugandan!,2024-06-05,Uganda
371,david_farm32,What a beautiful day!,2024-01-09,Uganda
372,james_photog51,This event is wonderful!,2024-12-23,Uganda
373,susan_writer49,Excited about the festival!,2024-07-19,Uganda
374,kevin_trends82,This place has the best coffee.,2024-12-23,Uganda
375,emma_travels37,Excited about the festival!,2024-01-27,Uganda
376,david_farm67,Enjoying the view of the Nile.,2024-08-04,Uganda
377,rose_singer22,What a beautiful day!,2024-12-13,Uganda
378,david_farm32,Uganda is so green and peaceful.,2024-03-24,Uganda
379,peter_tech97,The sunsets here are breathtaking.,2024-03-20,Uganda
380,lucy_holiday23,This event is wonderful!,2024-10-15,Uganda
381,uganda_explorer30,Roads are getting better in my city.,2024-12-06,Uganda
382,john_doe98,This place has the best coffee.,2024-06-07,Uganda
383,nora_foodie65,What a beautiful day!,2024-07-04,Uganda
384,grace_kampala3,Roads are getting better in my city.,2024-05-19,Uganda
385,nora_foodie5,This place has the best coffee.,2024-11-25,Uganda
386,lucy_holiday26,Traffic is terrible!,2024-11-13,Uganda
387,nora_foodie64,Feeling blessed today.,2024-09-19,Uganda
388,kevin_trends60,Amazing cultural vibes.,2024-08-13,Uganda
389,rose_singer42,Uganda is so green and peaceful.,2024-01-24,Uganda
390,susan_writer72,This place has the best coffee.,2024-09-24,Uganda
391,eliza_blogger53,Traffic is terrible!,2024-05-18,Uganda
392,peter_tech98,Enjoying the view of the Nile.,2024-09-08,Uganda
393,grace_kampala11,What a beautiful day!,2024-02-16,Uganda
394,michael_advent66,Visiting a national park today!,2024-10-16,Uganda
395,rose_singer74,Visiting a national park today!,2024-06-09,Uganda
396,nora_foodie6,Excited about the festival!,2024-08-15,Uganda
397,john_doe45,Enjoying the view of the Nile.,2024-07-13,Uganda
398,susan_writer51,This place has the best coffee.,2024-12-06,Uganda
399,paul_kay32,Visiting a national park today!,2024-05-08,Uganda
400,eliza_blogger58,Roads are getting better in my city.,2024-02-17,Uganda
401,rose_singer53,Amazing cultural vibes.,2024-01-03,Uganda
402,david_farm17,This place has the best coffee.,2024-10-23,Uganda
403,grace_kampala46,Traffic is terrible!,2024-03-26,Uganda
404,paul_kay3,Amazing cultural vibes.,2024-04-17,Uganda
405,emma_travels81,Proud to be Ugandan!,2024-05-25,Uganda
406,rose_singer56,Loving the food here!,2024-04-22,Uganda
407,eliza_blogger39,What a beautiful day!,2024-05-05,Uganda
408,uganda_explorer78,What a beautiful day!,2024-12-15,Uganda
409,david_farm28,Feeling blessed today.,2024-02-26,Uganda
410,lucy_holiday6,Roads are getting better in my city.,2024-05-07,Uganda
411,john_doe72,This place has the best coffee.,2024-01-20,Uganda
412,kevin_trends81,Feeling blessed today.,2024-01-14,Uganda
413,uganda_explorer28,The weather is amazing today.,2024-11-22,Uganda
414,nora_foodie17,Feeling blessed today.,2024-12-23,Uganda
415,rose_singer73,Proud to be Ugandan!,2024-11-11,Uganda
416,michael_advent95,Feeling blessed today.,2024-05-21,Uganda
417,john_doe62,Roads are getting better in my city.,2024-09-26,Uganda
418,eliza_blogger55,This place has the best coffee.,2024-05-27,Uganda
419,susan_writer66,The weather is amazing today.,2024-07-03,Uganda
420,emma_travels8,Amazing cultural vibes.,2024-10-04,Uganda
421,lucy_holiday88,Roads are getting better in my city.,2024-09-05,Uganda
422,john_doe75,Visiting a national park today!,2024-10-21,Uganda
423,peter_tech24,This place has the best coffee.,2024-03-24,Uganda
424,james_photog26,Uganda is so green and peaceful.,2024-06-22,Uganda
425,susan_writer41,Visiting a national park today!,2024-04-27,Uganda
426,nora_foodie59,What a beautiful day!,2024-11-07,Uganda
427,emma_travels66,Traffic is terrible!,2024-08-18,Uganda
428,uganda_explorer99,This event is wonderful!,2024-11-08,Uganda
429,nora_foodie90,Feeling blessed today.,2024-11-20,Uganda
430,david_farm5,Traffic is terrible!,2024-08-08,Uganda
431,james_photog28,Visiting a national park today!,2024-01-19,Uganda
432,uganda_explorer93,Amazing cultural vibes.,2024-11-08,Uganda
433,john_doe43,Enjoying the view of the Nile.,2024-12-05,Uganda
434,nora_foodie8,Roads are getting better in my city.,2024-09-20,Uganda
435,michael_advent72,Feeling blessed today.,2024-02-08,Uganda
436,paul_kay87,Roads are getting better in my city.,2024-08-04,Uganda
437,kevin_trends5,What a beautiful day!,2024-12-09,Uganda
438,peter_tech13,Feeling blessed today.,2024-01-19,Uganda
439,rose_singer57,Uganda is so green and peaceful.,2024-01-03,Uganda
440,nora_foodie39,Roads are getting better in my city.,2024-11-16,Uganda
441,uganda_explorer76,Proud to be Ugandan!,2024-12-24,Uganda
442,emma_travels64,This place has the best coffee.,2024-08-03,Uganda
443,john_doe10,Uganda is so green and peaceful.,2024-02-14,Uganda
444,david_farm57,Uganda is so green and peaceful.,2024-12-09,Uganda
445,rose_singer57,This event is wonderful!,2024-02-26,Uganda
446,rose_singer18,What a beautiful day!,2024-11-24,Uganda
447,michael_advent34,Roads are getting better in my city.,2024-10-23,Uganda
448,uganda_explorer58,Feeling blessed today.,2024-04-15,Uganda
449,lucy_holiday94,Feeling blessed today.,2024-01-21,Uganda
450,james_photog20,This place has the best coffee.,2024-11-01,Uganda
451,susan_writer91,Proud to be Ugandan!,2024-02-09,Uganda
452,uganda_explorer25,Feeling blessed today.,2024-05-02,Uganda
453,james_photog98,The sunsets here are breathtaking.,2024-08-25,Uganda
454,james_photog65,Proud to be Ugandan!,2024-03-08,Uganda
455,grace_kampala71,Uganda is so green and peaceful.,2024-07-01,Uganda
456,grace_kampala51,Roads are getting better in my city.,2024-12-05,Uganda
457,david_farm87,Loving the food here!,2024-12-19,Uganda
458,rose_singer16,Roads are getting better in my city.,2024-07-01,Uganda
459,paul_kay41,Roads are getting better in my city.,2024-04-11,Uganda
460,susan_writer49,Feeling blessed today.,2024-06-01,Uganda
461,grace_kampala93,Amazing cultural vibes.,2024-11-12,Uganda
462,grace_kampala70,This place has the best coffee.,2024-09-21,Uganda
463,rose_singer12,Feeling blessed today.,2024-02-13,Uganda
464,emma_travels69,Visiting a national park today!,2024-12-15,Uganda
465,susan_writer71,Proud to be Ugandan!,2024-10-11,Uganda
466,emma_travels28,This place has the best coffee.,2024-01-03,Uganda
467,david_farm90,What a beautiful day!,2024-10-27,Uganda
468,susan_writer37,Excited about the festival!,2024-05-23,Uganda
469,john_doe36,Uganda is so green and peaceful.,2024-02-07,Uganda
470,nora_foodie23,Feeling blessed today.,2024-09-12,Uganda
471,michael_advent36,Uganda is so green and peaceful.,2024-01-23,Uganda
472,nora_foodie27,This event is wonderful!,2024-08-08,Uganda
473,uganda_explorer28,This place has the best coffee.,2024-06-17,Uganda
474,peter_tech5,Loving the food here!,2024-07-20,Uganda
475,james_photog26,This event is wonderful!,2024-05-07,Uganda
476,rose_singer6,This event is wonderful!,2024-04-15,Uganda
477,emma_travels43,This event is wonderful!,2024-11-28,Uganda
478,eliza_blogger16,Roads are getting better in my city.,2024-01-22,Uganda
479,paul_kay68,Traffic is terrible!,2024-01-06,Uganda
480,michael_advent82,Loving the food here!,2024-03-08,Uganda
481,emma_travels55,Proud to be Ugandan!,2024-03-19,Uganda
482,peter_tech24,Amazing cultural vibes.,2024-11-19,Uganda
483,lucy_holiday29,Traffic is terrible!,2024-06-09,Uganda
484,kevin_trends54,Loving the food here!,2024-10-09,Uganda
485,grace_kampala43,Roads are getting better in my city.,2024-10-04,Uganda
486,david_farm97,Proud to be Ugandan!,2024-06-16,Uganda
487,rose_singer72,Enjoying the view of the Nile.,2024-02-20,Uganda
488,uganda_explorer44,Enjoying the view of the Nile.,2024-10-04,Uganda
489,nora_foodie48,Uganda is so green and peaceful.,2024-03-13,Uganda
490,lucy_holiday83,What a beautiful day!,2024-02-19,Uganda
491,eliza_blogger3,Enjoying the view of the Nile.,2024-06-02,Uganda
492,rose_singer64,Feeling blessed today.,2024-07-02,Uganda
493,david_farm63,This event is wonderful!,2024-05-05,Uganda
494,eliza_blogger16,Roads are getting better in my city.,2024-12-21,Uganda
495,david_farm91,Excited about the festival!,2024-09-11,Uganda
496,rose_singer38,Enjoying the view of the Nile.,2024-07-10,Uganda
497,grace_kampala40,Feeling blessed today.,2024-10-01,Uganda
498,rose_singer48,Loving the food here!,2024-03-02,Uganda
499,grace_kampala18,Excited about the festival!,2024-07-04,Uganda
500,lucy_holiday97,This event is wonderful!,2024-04-24,Uganda
501,david_farm73,The weather is amazing today.,2024-07-02,Uganda
502,grace_kampala35,Enjoying the view of the Nile.,2024-09-16,Uganda
503,peter_tech98,Traffic is terrible!,2024-06-19,Uganda
504,rose_singer10,The weather is amazing today.,2024-11-24,Uganda
505,grace_kampala12,Enjoying the view of the Nile.,2024-11-03,Uganda
506,john_doe59,Uganda is so green and peaceful.,2024-11-25,Uganda
507,peter_tech77,Uganda is so green and peaceful.,2024-12-19,Uganda
508,emma_travels84,Traffic is terrible!,2024-01-20,Uganda
509,grace_kampala8,Traffic is terrible!,2024-12-16,Uganda
510,lucy_holiday78,This event is wonderful!,2024-01-05,Uganda
511,peter_tech29,Amazing cultural vibes.,2024-11-18,Uganda
512,peter_tech6,Proud to be Ugandan!,2024-08-10,Uganda
513,grace_kampala98,Enjoying the view of the Nile.,2024-08-26,Uganda
514,emma_travels39,The sunsets here are breathtaking.,2024-09-22,Uganda
515,uganda_explorer6,The weather is amazing today.,2024-02-22,Uganda
516,grace_kampala71,Proud to be Ugandan!,2024-04-21,Uganda
517,nora_foodie9,Roads are getting better in my city.,2024-06-14,Uganda
518,kevin_trends83,Feeling blessed today.,2024-02-19,Uganda
519,grace_kampala80,This event is wonderful!,2024-10-15,Uganda
520,kevin_trends78,Enjoying the view of the Nile.,2024-07-28,Uganda
521,james_photog69,Traffic is terrible!,2024-02-19,Uganda
522,nora_foodie65,Amazing cultural vibes.,2024-06-26,Uganda
523,paul_kay13,Feeling blessed today.,2024-08-27,Uganda
524,peter_tech34,Excited about the festival!,2024-04-27,Uganda
525,john_doe97,This event is wonderful!,2024-06-19,Uganda
526,emma_travels79,Traffic is terrible!,2024-11-08,Uganda
527,james_photog26,Roads are getting better in my city.,2024-09-16,Uganda
528,uganda_explorer80,This place has the best coffee.,2024-08-17,Uganda
529,rose_singer98,Feeling blessed today.,2024-04-16,Uganda
530,peter_tech96,Roads are getting better in my city.,2024-02-16,Uganda
531,michael_advent84,This event is wonderful!,2024-01-08,Uganda
532,john_doe66,Traffic is terrible!,2024-10-02,Uganda
533,rose_singer1,This event is wonderful!,2024-11-02,Uganda
534,peter_tech84,Amazing cultural vibes.,2024-08-13,Uganda
535,lucy_holiday3,Uganda is so green and peaceful.,2024-09-04,Uganda
536,emma_travels20,The weather is amazing today.,2024-04-11,Uganda
537,john_doe7,This place has the best coffee.,2024-10-09,Uganda
538,david_farm61,Roads are getting better in my city.,2024-01-06,Uganda
539,lucy_holiday23,This place has the best coffee.,2024-01-05,Uganda
540,grace_kampala85,Visiting a national park today!,2024-12-14,Uganda
541,paul_kay1,Loving the food here!,2024-04-23,Uganda
542,emma_travels72,Visiting a national park today!,2024-05-17,Uganda
543,lucy_holiday36,Proud to be Ugandan!,2024-01-06,Uganda
544,michael_advent53,Roads are getting better in my city.,2024-11-21,Uganda
545,nora_foodie36,Traffic is terrible!,2024-11-07,Uganda
546,kevin_trends50,Enjoying the view of the Nile.,2024-10-15,Uganda
547,nora_foodie96,The weather is amazing today.,2024-12-05,Uganda
548,david_farm41,Enjoying the view of the Nile.,2024-09-10,Uganda
549,grace_kampala5,Feeling blessed today.,2024-09-09,Uganda
550,emma_travels46,Excited about the festival!,2024-05-18,Uganda
551,peter_tech49,This event is wonderful!,2024-11-27,Uganda
552,kevin_trends31,Roads are getting better in my city.,2024-04-27,Uganda
553,paul_kay22,Feeling blessed today.,2024-12-22,Uganda
554,peter_tech9,Amazing cultural vibes.,2024-05-16,Uganda
555,emma_travels15,The weather is amazing today.,2024-07-05,Uganda
556,nora_foodie18,The weather is amazing today.,2024-03-08,Uganda
557,uganda_explorer34,Roads are getting better in my city.,2024-05-05,Uganda
558,lucy_holiday81,Roads are getting better in my city.,2024-09-27,Uganda
559,john_doe60,Feeling blessed today.,2024-03-20,Uganda
560,rose_singer7,This place has the best coffee.,2024-07-23,Uganda
561,eliza_blogger62,Excited about the festival!,2024-05-13,Uganda
562,emma_travels97,Amazing cultural vibes.,2024-06-02,Uganda
563,rose_singer88,Proud to be Ugandan!,2024-07-04,Uganda
564,rose_singer54,The weather is amazing today.,2024-08-19,Uganda
565,david_farm24,Traffic is terrible!,2024-07-10,Uganda
566,john_doe25,Uganda is so green and peaceful.,2024-07-11,Uganda
567,rose_singer38,This place has the best coffee.,2024-06-20,Uganda
568,peter_tech84,This event is wonderful!,2024-05-23,Uganda
569,michael_advent8,Loving the food here!,2024-11-07,Uganda
570,david_farm35,What a beautiful day!,2024-02-23,Uganda
571,james_photog46,Loving the food here!,2024-03-03,Uganda
572,lucy_holiday92,Enjoying the view of the Nile.,2024-05-24,Uganda
573,rose_singer26,Feeling blessed today.,2024-09-23,Uganda
574,james_photog35,Proud to be Ugandan!,2024-11-06,Uganda
575,paul_kay17,Proud to be Ugandan!,2024-04-23,Uganda
576,james_photog99,This place has the best coffee.,2024-07-02,Uganda
577,john_doe95,The weather is amazing today.,2024-01-21,Uganda
578,susan_writer42,Visiting a national park today!,2024-09-02,Uganda
579,rose_singer94,Roads are getting better in my city.,2024-04-17,Uganda
580,paul_kay42,Visiting a national park today!,2024-05-12,Uganda
581,david_farm35,Uganda is so green and peaceful.,2024-01-06,Uganda
582,susan_writer50,Visiting a national park today!,2024-09-11,Uganda
583,grace_kampala16,This event is wonderful!,2024-06-25,Uganda
584,david_farm22,Proud to be Ugandan!,2024-01-22,Uganda
585,grace_kampala16,This place has the best coffee.,2024-12-03,Uganda
586,david_farm64,This place has the best coffee.,2024-09-09,Uganda
587,grace_kampala72,The weather is amazing today.,2024-06-10,Uganda
588,peter_tech72,This event is wonderful!,2024-03-09,Uganda
589,david_farm22,Loving the food here!,2024-06-04,Uganda
590,susan_writer89,Traffic is terrible!,2024-12-10,Uganda
591,kevin_trends45,This event is wonderful!,2024-12-06,Uganda
592,emma_travels64,Roads are getting better in my city.,2024-05-13,Uganda
593,uganda_explorer9,This event is wonderful!,2024-04-02,Uganda
594,grace_kampala67,Enjoying the view of the Nile.,2024-10-17,Uganda
595,peter_tech46,What a beautiful day!,2024-06-16,Uganda
596,john_doe64,Proud to be Ugandan!,2024-06-02,Uganda
597,michael_advent97,Amazing cultural vibes.,2024-03-05,Uganda
598,james_photog38,Visiting a national park today!,2024-04-20,Uganda
599,rose_singer51,Amazing cultural vibes.,2024-02-24,Uganda
600,john_doe40,Traffic is terrible!,2024-05-04,Uganda
601,rose_singer56,The weather is amazing today.,2024-04-22,Uganda
602,david_farm4,Uganda is so green and peaceful.,2024-05-20,Uganda
603,james_photog91,Amazing cultural vibes.,2024-10-14,Uganda
604,susan_writer39,What a beautiful day!,2024-04-11,Uganda
605,rose_singer91,The sunsets here are breathtaking.,2024-02-12,Uganda
606,grace_kampala61,Feeling blessed today.,2024-06-01,Uganda
607,uganda_explorer20,Proud to be Ugandan!,2024-09-25,Uganda
608,emma_travels79,Traffic is terrible!,2024-10-23,Uganda
609,david_farm66,Loving the food here!,2024-12-08,Uganda
610,james_photog57,Roads are getting better in my city.,2024-04-13,Uganda
611,grace_kampala44,The sunsets here are breathtaking.,2024-11-21,Uganda
612,nora_foodie36,Uganda is so green and peaceful.,2024-01-15,Uganda
613,michael_advent69,Feeling blessed today.,2024-03-18,Uganda
614,rose_singer47,This event is wonderful!,2024-04-10,Uganda
615,grace_kampala66,Excited about the festival!,2024-05-02,Uganda
616,rose_singer56,The sunsets here are breathtaking.,2024-01-26,Uganda
617,james_photog28,Traffic is terrible!,2024-04-14,Uganda
618,michael_advent66,Traffic is terrible!,2024-08-27,Uganda
619,eliza_blogger24,Traffic is terrible!,2024-03-11,Uganda
620,rose_singer91,The sunsets here are breathtaking.,2024-05-12,Uganda
621,kevin_trends21,Excited about the festival!,2024-04-20,Uganda
622,uganda_explorer83,The sunsets here are breathtaking.,2024-10-12,Uganda
623,lucy_holiday57,Proud to be Ugandan!,2024-06-09,Uganda
624,rose_singer43,Roads are getting better in my city.,2024-09-09,Uganda
625,james_photog31,Excited about the festival!,2024-04-19,Uganda
626,david_farm87,Amazing cultural vibes.,2024-03-02,Uganda
627,rose_singer76,Roads are getting better in my city.,2024-08-13,Uganda
628,paul_kay26,Uganda is so green and peaceful.,2024-12-27,Uganda
629,eliza_blogger87,Feeling blessed today.,2024-05-14,Uganda
630,david_farm23,Loving the food here!,2024-10-02,Uganda
631,david_farm19,Traffic is terrible!,2024-06-10,Uganda
632,grace_kampala93,Excited about the festival!,2024-09-22,Uganda
633,david_farm45,What a beautiful day!,2024-07-04,Uganda
634,eliza_blogger63,Visiting a national park today!,2024-12-09,Uganda
635,rose_singer94,What a beautiful day!,2024-01-15,Uganda
636,james_photog80,The sunsets here are breathtaking.,2024-09-16,Uganda
637,rose_singer98,Amazing cultural vibes.,2024-10-21,Uganda
638,kevin_trends5,Enjoying the view of the Nile.,2024-04-10,Uganda
639,michael_advent32,This place has the best coffee.,2024-08-26,Uganda
640,michael_advent68,The weather is amazing today.,2024-08-01,Uganda
641,grace_kampala60,What a beautiful day!,2024-08-09,Uganda
642,james_photog30,This place has the best coffee.,2024-04-03,Uganda
643,james_photog18,Visiting a national park today!,2024-07-22,Uganda
644,nora_foodie38,Loving the food here!,2024-07-08,Uganda
645,james_photog87,Roads are getting better in my city.,2024-04-15,Uganda
646,peter_tech70,The weather is amazing today.,2024-07-22,Uganda
647,peter_tech68,Traffic is terrible!,2024-07-08,Uganda
648,peter_tech7,This event is wonderful!,2024-12-07,Uganda
649,emma_travels47,What a beautiful day!,2024-01-05,Uganda
650,kevin_trends66,This place has the best coffee.,2024-11-17,Uganda
651,kevin_trends7,Enjoying the view of the Nile.,2024-05-13,Uganda
652,david_farm22,Excited about the festival!,2024-05-17,Uganda
653,james_photog98,Roads are getting better in my city.,2024-07-26,Uganda
654,david_farm55,The sunsets here are breathtaking.,2024-04-22,Uganda
655,lucy_holiday23,This event is wonderful!,2024-06-10,Uganda
656,david_farm75,The weather is amazing today.,2024-12-16,Uganda
657,emma_travels54,Excited about the festival!,2024-12-20,Uganda
658,lucy_holiday69,Excited about the festival!,2024-02-02,Uganda
659,nora_foodie47,Loving the food here!,2024-06-21,Uganda
660,nora_foodie58,Traffic is terrible!,2024-09-07,Uganda
661,kevin_trends99,Amazing cultural vibes.,2024-11-17,Uganda
662,james_photog14,This place has the best coffee.,2024-04-02,Uganda
663,emma_travels42,The weather is amazing today.,2024-08-26,Uganda
664,nora_foodie87,Traffic is terrible!,2024-07-07,Uganda
665,susan_writer57,Excited about the festival!,2024-03-03,Uganda
666,james_photog88,Loving the food here!,2024-04-25,Uganda
667,michael_advent23,Uganda is so green and peaceful.,2024-08-03,Uganda
668,nora_foodie23,Loving the food here!,2024-03-01,Uganda
669,emma_travels56,This place has the best coffee.,2024-02-10,Uganda
670,david_farm63,Amazing cultural vibes.,2024-01-26,Uganda
671,lucy_holiday65,Enjoying the view of the Nile.,2024-04-16,Uganda
672,nora_foodie14,Roads are getting better in my city.,2024-11-06,Uganda
673,paul_kay13,The weather is amazing today.,2024-05-06,Uganda
674,rose_singer9,This event is wonderful!,2024-04-02,Uganda
675,paul_kay46,Roads are getting better in my city.,2024-02-13,Uganda
676,michael_advent26,Enjoying the view of the Nile.,2024-04-15,Uganda
677,grace_kampala34,The weather is amazing today.,2024-04-15,Uganda
678,david_farm31,Roads are getting better in my city.,2024-06-15,Uganda
679,john_doe44,The weather is amazing today.,2024-08-13,Uganda
680,peter_tech40,Enjoying the view of the Nile.,2024-03-12,Uganda
681,paul_kay85,This place has the best coffee.,2024-03-04,Uganda
682,michael_advent86,Proud to be Ugandan!,2024-05-02,Uganda
683,susan_writer54,Uganda is so green and peaceful.,2024-09-28,Uganda
684,john_doe100,Uganda is so green and peaceful.,2024-01-19,Uganda
685,kevin_trends8,This place has the best coffee.,2024-06-07,Uganda
686,kevin_trends14,The weather is amazing today.,2024-11-16,Uganda
687,james_photog79,Excited about the festival!,2024-05-22,Uganda
688,grace_kampala74,Proud to be Ugandan!,2024-07-06,Uganda
689,john_doe20,Enjoying the view of the Nile.,2024-06-28,Uganda
690,paul_kay38,The sunsets here are breathtaking.,2024-09-16,Uganda
691,peter_tech46,Uganda is so green and peaceful.,2024-03-05,Uganda
692,lucy_holiday10,Roads are getting better in my city.,2024-04-01,Uganda
693,susan_writer86,The sunsets here are breathtaking.,2024-03-25,Uganda
694,michael_advent65,Proud to be Ugandan!,2024-07-19,Uganda
695,david_farm57,Roads are getting better in my city.,2024-05-11,Uganda
696,rose_singer72,Visiting a national park today!,2024-07-06,Uganda
697,james_photog82,The weather is amazing today.,2024-04-27,Uganda
698,grace_kampala95,Loving the food here!,2024-02-07,Uganda
699,michael_advent15,Proud to be Ugandan!,2024-10-28,Uganda
700,john_doe12,The weather is amazing today.,2024-11-18,Uganda
701,eliza_blogger20,Loving the food here!,2024-04-05,Uganda
702,susan_writer33,Visiting a national park today!,2024-08-23,Uganda
703,susan_writer86,Excited about the festival!,2024-02-14,Uganda
704,peter_tech1,Enjoying the view of the Nile.,2024-08-11,Uganda
705,grace_kampala76,Loving the food here!,2024-11-14,Uganda
706,david_farm86,Loving the food here!,2024-10-22,Uganda
707,rose_singer84,Feeling blessed today.,2024-08-17,Uganda
708,uganda_explorer10,Excited about the festival!,2024-02-01,Uganda
709,rose_singer40,The weather is amazing today.,2024-09-23,Uganda
710,john_doe98,Loving the food here!,2024-04-06,Uganda
711,susan_writer39,Visiting a national park today!,2024-01-09,Uganda
712,kevin_trends88,Excited about the festival!,2024-06-09,Uganda
713,grace_kampala73,Roads are getting better in my city.,2024-11-18,Uganda
714,nora_foodie76,Traffic is terrible!,2024-12-01,Uganda
715,michael_advent5,Amazing cultural vibes.,2024-06-16,Uganda
716,susan_writer11,This place has the best coffee.,2024-08-16,Uganda
717,lucy_holiday83,Excited about the festival!,2024-01-18,Uganda
718,john_doe17,Loving the food here!,2024-10-06,Uganda
719,john_doe36,Roads are getting better in my city.,2024-02-15,Uganda
720,james_photog99,Uganda is so green and peaceful.,2024-09-17,Uganda
721,john_doe2,Visiting a national park today!,2024-09-25,Uganda
722,peter_tech15,Traffic is terrible!,2024-03-05,Uganda
723,david_farm94,Excited about the festival!,2024-12-19,Uganda
724,lucy_holiday47,Uganda is so green and peaceful.,2024-03-11,Uganda
725,james_photog97,Enjoying the view of the Nile.,2024-05-04,Uganda
726,michael_advent3,Feeling blessed today.,2024-09-08,Uganda
727,uganda_explorer8,The sunsets here are breathtaking.,2024-10-01,Uganda
728,peter_tech13,The weather is amazing today.,2024-02-28,Uganda
729,nora_foodie30,Traffic is terrible!,2024-09-15,Uganda
730,peter_tech82,This event is wonderful!,2024-10-19,Uganda
731,paul_kay20,This place has the best coffee.,2024-11-14,Uganda
732,kevin_trends32,This event is wonderful!,2024-06-12,Uganda
733,john_doe52,Excited about the festival!,2024-03-17,Uganda
734,nora_foodie35,Enjoying the view of the Nile.,2024-03-01,Uganda
735,eliza_blogger22,Loving the food here!,2024-06-20,Uganda
736,eliza_blogger27,Loving the food here!,2024-04-08,Uganda
737,kevin_trends91,Enjoying the view of the Nile.,2024-11-19,Uganda
738,john_doe47,The weather is amazing today.,2024-09-11,Uganda
739,nora_foodie11,Uganda is so green and peaceful.,2024-05-01,Uganda
740,michael_advent35,Visiting a national park today!,2024-09-05,Uganda
741,emma_travels80,The weather is amazing today.,2024-12-28,Uganda
742,grace_kampala61,This event is wonderful!,2024-06-10,Uganda
743,david_farm29,Enjoying the view of the Nile.,2024-07-05,Uganda
744,kevin_trends38,Visiting a national park today!,2024-12-26,Uganda
745,grace_kampala58,What a beautiful day!,2024-09-11,Uganda
746,michael_advent19,Feeling blessed today.,2024-02-12,Uganda
747,emma_travels80,Roads are getting better in my city.,2024-10-11,Uganda
748,grace_kampala8,Traffic is terrible!,2024-01-10,Uganda
749,uganda_explorer72,What a beautiful day!,2024-09-02,Uganda
750,emma_travels79,Roads are getting better in my city.,2024-01-20,Uganda
751,uganda_explorer63,Feeling blessed today.,2024-01-03,Uganda
752,james_photog76,Roads are getting better in my city.,2024-02-07,Uganda
753,emma_travels43,The weather is amazing today.,2024-07-28,Uganda
754,uganda_explorer15,Enjoying the view of the Nile.,2024-12-27,Uganda
755,peter_tech59,Roads are getting better in my city.,2024-02-18,Uganda
756,uganda_explorer82,Proud to be Ugandan!,2024-11-22,Uganda
757,nora_foodie59,Roads are getting better in my city.,2024-02-18,Uganda
758,michael_advent57,Amazing cultural vibes.,2024-09-04,Uganda
759,john_doe89,The sunsets here are breathtaking.,2024-12-20,Uganda
760,emma_travels68,The sunsets here are breathtaking.,2024-02-06,Uganda
761,rose_singer29,Visiting a national park today!,2024-10-20,Uganda
762,grace_kampala1,Enjoying the view of the Nile.,2024-11-20,Uganda
763,kevin_trends12,The weather is amazing today.,2024-03-09,Uganda
764,susan_writer44,Traffic is terrible!,2024-10-16,Uganda
765,john_doe85,Feeling blessed today.,2024-09-25,Uganda
766,rose_singer25,Proud to be Ugandan!,2024-03-21,Uganda
767,paul_kay7,The weather is amazing today.,2024-07-26,Uganda
768,uganda_explorer70,The weather is amazing today.,2024-01-02,Uganda
769,john_doe6,Roads are getting better in my city.,2024-05-12,Uganda
770,david_farm8,Roads are getting better in my city.,2024-03-19,Uganda
771,john_doe14,Roads are getting better in my city.,2024-09-23,Uganda
772,michael_advent75,Amazing cultural vibes.,2024-01-20,Uganda
773,michael_advent8,Proud to be Ugandan!,2024-01-25,Uganda
774,john_doe75,Visiting a national park today!,2024-06-08,Uganda
775,michael_advent61,Visiting a national park today!,2024-01-22,Uganda
776,eliza_blogger29,Uganda is so green and peaceful.,2024-08-14,Uganda
777,rose_singer45,Amazing cultural vibes.,2024-11-27,Uganda
778,nora_foodie58,Traffic is terrible!,2024-07-13,Uganda
779,lucy_holiday61,Visiting a national park today!,2024-05-23,Uganda
780,kevin_trends31,Roads are getting better in my city.,2024-01-13,Uganda
781,nora_foodie21,Proud to be Ugandan!,2024-12-14,Uganda
782,nora_foodie100,Feeling blessed today.,2024-02-24,Uganda
783,david_farm46,Proud to be Ugandan!,2024-11-26,Uganda
784,emma_travels7,Enjoying the view of the Nile.,2024-12-11,Uganda
785,kevin_trends62,What a beautiful day!,2024-09-12,Uganda
786,eliza_blogger81,Visiting a national park today!,2024-01-13,Uganda
787,john_doe33,The weather is amazing today.,2024-06-10,Uganda
788,peter_tech75,Excited about the festival!,2024-04-01,Uganda
789,james_photog35,What a beautiful day!,2024-06-05,Uganda
790,lucy_holiday67,Feeling blessed today.,2024-01-08,Uganda
791,nora_foodie60,Visiting a national park today!,2024-02-20,Uganda
792,susan_writer86,Loving the food here!,2024-05-15,Uganda
793,grace_kampala73,Enjoying the view of the Nile.,2024-05-28,Uganda
794,michael_advent7,Amazing cultural vibes.,2024-08-01,Uganda
795,peter_tech30,Feeling blessed today.,2024-04-17,Uganda
796,lucy_holiday95,Excited about the festival!,2024-03-17,Uganda
797,james_photog37,Traffic is terrible!,2024-03-03,Uganda
798,nora_foodie4,This event is wonderful!,2024-10-25,Uganda
799,peter_tech48,This place has the best coffee.,2024-02-26,Uganda
800,kevin_trends61,Amazing cultural vibes.,2024-04-21,Uganda
801,emma_travels25,Visiting a national park today!,2024-11-25,Uganda
802,lucy_holiday21,This event is wonderful!,2024-12-18,Uganda
803,peter_tech19,Excited about the festival!,2024-03-02,Uganda
804,eliza_blogger21,The weather is amazing today.,2024-09-10,Uganda
805,lucy_holiday74,Proud to be Ugandan!,2024-03-07,Uganda
806,susan_writer44,Proud to be Ugandan!,2024-06-08,Uganda
807,paul_kay89,The sunsets here are breathtaking.,2024-05-04,Uganda
808,emma_travels79,The sunsets here are breathtaking.,2024-12-04,Uganda
809,paul_kay25,Roads are getting better in my city.,2024-05-21,Uganda
810,peter_tech94,Traffic is terrible!,2024-11-24,Uganda
811,peter_tech33,Amazing cultural vibes.,2024-07-01,Uganda
812,james_photog12,Enjoying the view of the Nile.,2024-02-12,Uganda
813,lucy_holiday44,This place has the best coffee.,2024-06-22,Uganda
814,paul_kay48,Visiting a national park today!,2024-02-18,Uganda
815,michael_advent44,Visiting a national park today!,2024-01-20,Uganda
816,james_photog54,Traffic is terrible!,2024-05-14,Uganda
817,lucy_holiday70,The sunsets here are breathtaking.,2024-06-07,Uganda
818,emma_travels3,Traffic is terrible!,2024-08-06,Uganda
819,david_farm29,Proud to be Ugandan!,2024-10-12,Uganda
820,grace_kampala97,This place has the best coffee.,2024-08-16,Uganda
821,david_farm5,Proud to be Ugandan!,2024-04-08,Uganda
822,eliza_blogger9,This place has the best coffee.,2024-09-22,Uganda
823,emma_travels92,This place has the best coffee.,2024-05-17,Uganda
824,grace_kampala20,Excited about the festival!,2024-02-01,Uganda
825,peter_tech19,The weather is amazing today.,2024-12-27,Uganda
826,lucy_holiday7,Amazing cultural vibes.,2024-10-19,Uganda
827,peter_tech58,Loving the food here!,2024-04-18,Uganda
828,james_photog75,Feeling blessed today.,2024-09-10,Uganda
829,peter_tech65,Proud to be Ugandan!,2024-11-09,Uganda
830,susan_writer58,Loving the food here!,2024-08-09,Uganda
831,james_photog41,Loving the food here!,2024-08-11,Uganda
832,eliza_blogger54,Uganda is so green and peaceful.,2024-01-06,Uganda
833,nora_foodie80,Traffic is terrible!,2024-10-03,Uganda
834,kevin_trends45,Excited about the festival!,2024-03-25,Uganda
835,david_farm21,Excited about the festival!,2024-04-01,Uganda
836,kevin_trends47,Feeling blessed today.,2024-07-25,Uganda
837,susan_writer62,This event is wonderful!,2024-08-12,Uganda
838,emma_travels29,Feeling blessed today.,2024-08-20,Uganda
839,john_doe49,Visiting a national park today!,2024-12-25,Uganda
840,michael_advent72,Amazing cultural vibes.,2024-02-10,Uganda
841,rose_singer36,Amazing cultural vibes.,2024-01-27,Uganda
842,grace_kampala27,The sunsets here are breathtaking.,2024-04-16,Uganda
843,nora_foodie61,What a beautiful day!,2024-11-27,Uganda
844,emma_travels35,Loving the food here!,2024-01-04,Uganda
845,nora_foodie62,Loving the food here!,2024-08-28,Uganda
846,rose_singer37,What a beautiful day!,2024-04-21,Uganda
847,peter_tech29,Roads are getting better in my city.,2024-02-08,Uganda
848,paul_kay87,What a beautiful day!,2024-09-17,Uganda
849,nora_foodie74,Amazing cultural vibes.,2024-06-18,Uganda
850,eliza_blogger4,What a beautiful day!,2024-10-08,Uganda
851,nora_foodie61,What a beautiful day!,2024-12-11,Uganda
852,susan_writer100,Proud to be Ugandan!,2024-05-22,Uganda
853,david_farm39,Roads are getting better in my city.,2024-03-26,Uganda
854,uganda_explorer47,Loving the food here!,2024-02-07,Uganda
855,paul_kay21,The sunsets here are breathtaking.,2024-12-16,Uganda
856,grace_kampala1,Amazing cultural vibes.,2024-09-22,Uganda
857,paul_kay12,This place has the best coffee.,2024-02-06,Uganda
858,john_doe68,Traffic is terrible!,2024-05-28,Uganda
859,eliza_blogger89,Uganda is so green and peaceful.,2024-01-10,Uganda
860,james_photog90,What a beautiful day!,2024-04-02,Uganda
861,michael_advent52,Roads are getting better in my city.,2024-08-13,Uganda
862,peter_tech48,What a beautiful day!,2024-10-20,Uganda
863,michael_advent56,Traffic is terrible!,2024-09-13,Uganda
864,grace_kampala74,Loving the food here!,2024-04-03,Uganda
865,john_doe36,Excited about the festival!,2024-05-25,Uganda
866,james_photog82,Proud to be Ugandan!,2024-04-06,Uganda
867,paul_kay94,This place has the best coffee.,2024-11-28,Uganda
868,paul_kay42,Visiting a national park today!,2024-08-06,Uganda
869,kevin_trends41,Traffic is terrible!,2024-07-05,Uganda
870,grace_kampala95,What a beautiful day!,2024-07-28,Uganda
871,eliza_blogger92,Amazing cultural vibes.,2024-05-12,Uganda
872,james_photog51,Roads are getting better in my city.,2024-09-03,Uganda
873,grace_kampala37,Traffic is terrible!,2024-08-25,Uganda
874,paul_kay87,Traffic is terrible!,2024-04-19,Uganda
875,eliza_blogger89,Roads are getting better in my city.,2024-07-10,Uganda
876,rose_singer85,Amazing cultural vibes.,2024-08-20,Uganda
877,david_farm9,Amazing cultural vibes.,2024-12-12,Uganda
878,kevin_trends89,Feeling blessed today.,2024-01-27,Uganda
879,john_doe76,Amazing cultural vibes.,2024-04-25,Uganda
880,emma_travels9,Feeling blessed today.,2024-12-02,Uganda
881,grace_kampala51,Proud to be Ugandan!,2024-04-13,Uganda
882,john_doe49,Uganda is so green and peaceful.,2024-04-12,Uganda
883,peter_tech95,Visiting a national park today!,2024-03-05,Uganda
884,paul_kay87,Loving the food here!,2024-03-02,Uganda
885,john_doe86,Roads are getting better in my city.,2024-10-28,Uganda
886,peter_tech5,Traffic is terrible!,2024-09-27,Uganda
887,eliza_blogger45,Enjoying the view of the Nile.,2024-12-18,Uganda
888,uganda_explorer27,The weather is amazing today.,2024-07-02,Uganda
889,david_farm21,What a beautiful day!,2024-02-22,Uganda
890,peter_tech30,The weather is amazing today.,2024-03-21,Uganda
891,eliza_blogger69,Traffic is terrible!,2024-05-03,Uganda
892,uganda_explorer40,Excited about the festival!,2024-07-14,Uganda
893,peter_tech4,Feeling blessed today.,2024-08-18,Uganda
894,uganda_explorer93,Feeling blessed today.,2024-04-21,Uganda
895,emma_travels61,Roads are getting better in my city.,2024-06-17,Uganda
896,lucy_holiday84,What a beautiful day!,2024-11-21,Uganda
897,michael_advent90,This event is wonderful!,2024-04-07,Uganda
898,rose_singer22,This event is wonderful!,2024-11-23,Uganda
899,john_doe40,Excited about the festival!,2024-01-14,Uganda
900,emma_travels31,Proud to be Ugandan!,2024-08-01,Uganda
901,grace_kampala25,The weather is amazing today.,2024-01-03,Uganda
902,michael_advent60,Feeling blessed today.,2024-01-16,Uganda
903,james_photog39,Proud to be Ugandan!,2024-04-20,Uganda
904,eliza_blogger30,Visiting a national park today!,2024-12-02,Uganda
905,nora_foodie100,Uganda is so green and peaceful.,2024-02-02,Uganda
906,john_doe95,What a beautiful day!,2024-05-28,Uganda
907,nora_foodie31,Uganda is so green and peaceful.,2024-06-01,Uganda
908,john_doe38,What a beautiful day!,2024-02-04,Uganda
909,james_photog92,This place has the best coffee.,2024-10-23,Uganda
910,john_doe72,Loving the food here!,2024-01-14,Uganda
911,john_doe72,This event is wonderful!,2024-04-26,Uganda
912,nora_foodie98,Roads are getting better in my city.,2024-07-24,Uganda
913,lucy_holiday91,Loving the food here!,2024-06-23,Uganda
914,susan_writer100,Uganda is so green and peaceful.,2024-10-11,Uganda
915,eliza_blogger51,Traffic is terrible!,2024-05-28,Uganda
916,lucy_holiday74,The sunsets here are breathtaking.,2024-03-07,Uganda
917,paul_kay2,Traffic is terrible!,2024-04-15,Uganda
918,lucy_holiday48,Roads are getting better in my city.,2024-09-17,Uganda
919,lucy_holiday22,Loving the food here!,2024-08-21,Uganda
920,david_farm33,Enjoying the view of the Nile.,2024-09-17,Uganda
921,grace_kampala22,Excited about the festival!,2024-10-11,Uganda
922,john_doe42,Amazing cultural vibes.,2024-12-17,Uganda
923,nora_foodie66,Amazing cultural vibes.,2024-01-19,Uganda
924,james_photog35,Excited about the festival!,2024-12-19,Uganda
925,grace_kampala91,Traffic is terrible!,2024-09-06,Uganda
926,peter_tech32,What a beautiful day!,2024-05-20,Uganda
927,kevin_trends70,Feeling blessed today.,2024-09-17,Uganda
928,john_doe6,This event is wonderful!,2024-01-13,Uganda
929,john_doe71,Loving the food here!,2024-04-10,Uganda
930,david_farm70,Loving the food here!,2024-02-26,Uganda
931,lucy_holiday70,Feeling blessed today.,2024-10-11,Uganda
932,kevin_trends17,Feeling blessed today.,2024-01-08,Uganda
933,rose_singer69,Visiting a national park today!,2024-04-23,Uganda
934,michael_advent68,Visiting a national park today!,2024-11-01,Uganda
935,uganda_explorer22,Loving the food here!,2024-11-27,Uganda
936,rose_singer14,What a beautiful day!,2024-02-24,Uganda
937,susan_writer82,Proud to be Ugandan!,2024-06-19,Uganda
938,kevin_trends37,Feeling blessed today.,2024-09-06,Uganda
939,michael_advent57,Feeling blessed today.,2024-08-15,Uganda
940,rose_singer2,Feeling blessed today.,2024-09-16,Uganda
941,uganda_explorer44,What a beautiful day!,2024-09-27,Uganda
942,susan_writer45,Amazing cultural vibes.,2024-11-21,Uganda
943,james_photog23,Uganda is so green and peaceful.,2024-07-15,Uganda
944,kevin_trends72,Amazing cultural vibes.,2024-06-03,Uganda
945,susan_writer9,Excited about the festival!,2024-04-21,Uganda
946,emma_travels44,This event is wonderful!,2024-12-12,Uganda
947,john_doe2,The sunsets here are breathtaking.,2024-06-20,Uganda
948,lucy_holiday42,The sunsets here are breathtaking.,2024-04-06,Uganda
949,nora_foodie14,Enjoying the view of the Nile.,2024-12-28,Uganda
950,susan_writer89,Feeling blessed today.,2024-06-26,Uganda
951,rose_singer87,Uganda is so green and peaceful.,2024-12-06,Uganda
952,uganda_explorer37,What a beautiful day!,2024-08-16,Uganda
953,james_photog60,What a beautiful day!,2024-07-15,Uganda
954,emma_travels14,Feeling blessed today.,2024-07-18,Uganda
955,lucy_holiday21,Amazing cultural vibes.,2024-10-16,Uganda
956,uganda_explorer21,Amazing cultural vibes.,2024-02-28,Uganda
957,paul_kay21,This event is wonderful!,2024-06-13,Uganda
958,david_farm77,The weather is amazing today.,2024-11-21,Uganda
959,james_photog20,Visiting a national park today!,2024-05-26,Uganda
960,michael_advent71,Visiting a national park today!,2024-08-15,Uganda
961,lucy_holiday51,What a beautiful day!,2024-12-15,Uganda
962,david_farm3,Roads are getting better in my city.,2024-02-07,Uganda
963,kevin_trends40,The sunsets here are breathtaking.,2024-05-19,Uganda
964,susan_writer20,Excited about the festival!,2024-03-25,Uganda
965,john_doe89,Roads are getting better in my city.,2024-04-19,Uganda
966,john_doe45,Traffic is terrible!,2024-07-04,Uganda
967,susan_writer41,Amazing cultural vibes.,2024-10-09,Uganda
968,james_photog47,This place has the best coffee.,2024-02-04,Uganda
969,james_photog55,Visiting a national park today!,2024-03-13,Uganda
970,john_doe63,Excited about the festival!,2024-04-07,Uganda
971,emma_travels64,The weather is amazing today.,2024-06-18,Uganda
972,michael_advent31,Traffic is terrible!,2024-07-25,Uganda
973,paul_kay24,Enjoying the view of the Nile.,2024-08-10,Uganda
974,uganda_explorer65,This event is wonderful!,2024-07-15,Uganda
975,lucy_holiday36,Enjoying the view of the Nile.,2024-09-23,Uganda
976,david_farm89,Excited about the festival!,2024-10-06,Uganda
977,emma_travels59,The sunsets here are breathtaking.,2024-04-25,Uganda
978,david_farm7,Roads are getting better in my city.,2024-07-10,Uganda
979,john_doe22,Loving the food here!,2024-04-20,Uganda
980,james_photog88,Visiting a national park today!,2024-10-11,Uganda
981,kevin_trends34,Amazing cultural vibes.,2024-08-07,Uganda
982,john_doe73,Enjoying the view of the Nile.,2024-11-19,Uganda
983,paul_kay20,This place has the best coffee.,2024-11-25,Uganda
984,rose_singer56,Uganda is so green and peaceful.,2024-01-05,Uganda
985,john_doe84,Visiting a national park today!,2024-06-28,Uganda
986,james_photog14,This event is wonderful!,2024-08-02,Uganda
987,uganda_explorer74,This event is wonderful!,2024-11-15,Uganda
988,susan_writer97,What a beautiful day!,2024-02-18,Uganda
989,peter_tech41,Feeling blessed today.,2024-03-27,Uganda
990,peter_tech57,Feeling blessed today.,2024-11-12,Uganda
991,james_photog30,Proud to be Ugandan!,2024-05-07,Uganda
992,eliza_blogger51,The weather is amazing today.,2024-04-10,Uganda
993,michael_advent52,This place has the best coffee.,2024-11-16,Uganda
994,john_doe5,The sunsets here are breathtaking.,2024-01-21,Uganda
995,rose_singer66,Loving the food here!,2024-07-21,Uganda
996,james_photog62,What a beautiful day!,2024-10-13,Uganda
997,david_farm32,Amazing cultural vibes.,2024-10-02,Uganda
998,nora_foodie17,This event is wonderful!,2024-10-22,Uganda
999,david_farm35,What a beautiful day!,2024-06-05,Uganda
1000,peter_tech97,Amazing cultural vibes.,2024-10-05,Uganda
